Player,Team,Age,GP,W,L,MIN,PTS,FGM,FGA,FG%,3PM,3PA,3P%,FTM,FTA,FT%,OREB,DREB,REB,AST,TOV,STL,BLK,PF,FP,DD2,TD3,plus / minus
Shai Gilgeous-Alexander,OKC,26,23,16,7,851,688,233,504,46.2,32,113,28.3,190,217,87.6,23,100,123,150,60,38,20,65,1175,5,0,166
Jalen Brunson,NYK,28,18,10,8,680.1,530,181,393,46.1,48,134,35.8,120,141,85.1,12,50,62,126,55,8,5,59,777,3,0,2
Jalen Willams,OKC,24,23,16,7,795.8,492,178,396,44.9,35,115,30.4,101,128,78.9,24,103,127,111,41,32,9,50,893,1,0,110
Pascal Siakam,IND,31,23,15,8,770.5,472,175,341,51.3,35,82,42.7,87,122,71.3,30,116,146,78,30,28,16,66,866,3,0,103
Tyrese Haliburton,IND,25,23,15,8,771.9,399,146,315,46.3,54,159,34,53,64,82.8,7,116,123,197,53,30,15,39,924,11,1,132
Karl Anthony-Towns,NYK,29,18,10,8,639.4,386,139,285,48.8,26,74,35.1,82,97,84.5,38,171,209,24,40,13,12,78,708,13,0,19
Anthony Edwards,MIN,23,15,9,6,584.8,380,135,298,45.3,46,130,35.4,64,89,71.9,18,99,117,82,39,17,11,32,688,3,0,38
Nikola Joki?,DEN,30,14,7,7,562.9,367,131,268,48.9,27,71,38,78,101,77.2,29,149,178,112,55,28,12,48,814,11,3,-11
Chet Holmgren,OKC,23,23,16,7,685.6,349,123,266,46.2,27,91,29.7,76,97,78.4,42,157,199,22,28,17,43,47,773,8,0,169
Julius Randle,MIN,30,15,9,6,533.3,326,115,229,50.2,30,78,38.5,66,75,88,27,61,88,74,49,12,2,45,536,2,1,40
Myles Turner,IND,29,23,15,8,674.7,317,106,219,48.4,31,90,34.4,74,96,77.1,28,82,110,32,38,12,46,68,633,1,0,52
Jamal Murray,DEN,28,14,7,7,578.5,305,111,250,44.4,34,96,35.4,49,56,87.5,9,59,68,73,44,17,11,31,536,0,0,30
OG Anunoby,NYK,27,18,10,8,704.9,294,103,247,41.7,41,121,33.9,47,58,81,24,59,83,24,30,36,22,49,574,0,0,-36
Aaron Nesmith,IND,25,23,15,8,650.3,291,100,212,47.2,60,122,49.2,31,36,86.1,27,103,130,26,23,20,18,95,577,3,0,106
Andrew Nembhard,IND,25,23,15,8,768.8,287,105,223,47.1,40,86,46.5,37,46,80.4,14,60,74,107,42,35,5,63,614,1,0,58
Mikal Bridges,NYK,28,18,10,8,706,280,120,263,45.6,28,84,33.3,12,16,75,20,61,81,53,38,30,17,39,560,0,0,-69
Donovan Mitchell,CLE,28,9,5,4,288.1,266,86,194,44.3,28,84,33.3,66,89,74.2,11,31,42,35,17,17,3,18,412,0,0,45
Bennedict Mathurin,IND,23,22,14,8,384.7,243,68,148,45.9,18,60,30,89,103,86.4,26,47,73,19,26,9,7,42,381,1,0,-76
Jaylen Brown,BOS,28,11,6,5,402.4,243,86,195,44.1,21,63,33.3,50,66,75.8,13,65,78,43,39,11,3,35,404,3,0,60
Aaron Gordon,DEN,29,14,7,7,521.7,227,81,167,48.5,22,58,37.9,43,50,86,50,56,106,38,26,8,5,33,424,2,0,23
Jayson Tatum,BOS,27,8,4,4,321.6,225,74,175,42.3,29,78,37.2,48,54,88.9,9,83,92,43,26,17,6,21,443,5,0,77
Jaden McDaniels,MIN,24,15,9,6,497.1,220,87,169,51.5,21,55,38.2,25,28,89.3,27,57,84,23,18,19,13,50,433,2,0,77
T.J. McConnell,IND,33,23,15,8,401.9,218,94,175,53.7,8,19,42.1,22,27,81.5,12,63,75,93,44,20,2,26,470,0,0,-34
Obi Toppin,IND,27,23,15,8,439.8,216,83,171,48.5,25,78,32.1,25,36,69.4,13,75,88,30,24,15,8,45,412,0,0,-38
Alex Caruso,OKC,31,23,16,7,562.2,212,72,160,45,37,90,41.1,31,39,79.5,17,45,62,51,19,45,13,63,518,0,0,106
Jimmy Butler III,GSW,35,11,4,7,396.5,211,68,152,44.7,11,36,30.6,64,80,80,26,47,73,57,13,14,3,19,422,1,0,-53
Josh Hart,NYK,30,18,10,8,642.4,208,68,144,47.2,20,54,37,52,67,77.6,44,114,158,80,35,20,10,62,573,6,1,5
Derrick White,BOS,30,11,6,5,415.3,207,68,147,46.3,40,104,38.5,31,36,86.1,14,42,56,39,13,7,12,22,377,1,0,21
Isaiah Hartenstein,OKC,27,23,16,7,515.8,186,83,134,61.9,0,0,0,20,30,66.7,63,110,173,51,27,19,12,57,536,2,0,35
Luguentz Dort,OKC,26,23,16,7,665.8,182,60,164,36.6,48,140,34.3,14,22,63.6,32,57,89,20,20,29,10,77,416,0,0,64
Stephen Curry,GSW,37,8,5,3,280.8,181,62,130,47.7,32,80,40,25,28,89.3,2,40,42,41,27,8,6,13,308,1,0,26
Christian Braun,DEN,24,14,7,7,544.2,177,67,148,45.3,21,70,30,22,31,71,25,65,90,34,14,17,10,47,403,3,0,-13
Kawhi Leonard,LAC,34,7,3,4,264.7,175,66,123,53.7,15,37,40.5,28,36,77.8,11,42,53,33,15,8,5,12,312,3,0,-6
Giannis Anteokounmpo,MIL,30,5,1,4,187.8,165,60,99,60.6,1,5,20,44,63,69.8,19,58,77,33,23,5,5,12,314,5,1,-35
Naz Reid,MIN,25,15,9,6,374.6,156,56,110,50.9,25,63,39.7,19,25,76,16,55,71,25,28,11,14,43,326,0,0,1
Russell Westbrook,DEN,36,13,6,7,312.7,152,52,133,39.1,20,63,31.7,28,40,70,19,29,48,34,30,12,1,41,270,1,0,-106
Luka Don?i?,LAL,26,5,1,4,207.9,151,47,104,45.2,16,46,34.8,41,46,89.1,2,33,35,29,20,5,3,16,241,1,0,-24
Buddy Hield,GSW,32,12,5,7,327.2,150,52,125,41.6,33,77,42.9,13,14,92.9,18,24,42,21,13,14,5,24,276,0,0,7
Cade Cunningham,DET,23,6,2,4,247.8,150,55,129,42.6,5,28,17.9,35,42,83.3,6,44,50,52,32,11,8,20,313,4,1,9
Paolo Banchero,ORL,22,5,1,4,197.2,147,54,124,43.5,12,27,44.4,27,41,65.9,12,30,42,21,15,3,4,18,235,1,0,-36
Alperen Sengun,HOU,22,7,3,4,256.3,146,59,131,45,3,8,37.5,25,40,62.5,21,62,83,37,15,13,3,26,334,5,0,33
Evan Mobley,CLE,24,8,5,3,257.1,137,51,87,58.6,14,31,45.2,21,25,84,21,44,65,13,11,9,8,10,275,3,0,11
Brandin Podziemski,GSW,22,12,5,7,384.7,135,48,132,36.4,22,67,32.8,17,24,70.8,16,44,60,37,18,15,2,18,296,0,0,-9
Aaron Wiggins,OKC,26,22,15,7,302.5,132,47,119,39.5,25,69,36.2,13,17,76.5,14,36,50,20,17,10,6,23,253,0,0,101
Fred VanVleet,HOU,31,7,3,4,280.3,131,40,93,43,27,62,43.5,24,24,100,3,26,29,31,13,7,2,16,226,0,0,21
James Harden,LAC,35,7,3,4,275.6,131,44,101,43.6,16,44,36.4,27,33,81.8,4,34,38,64,21,9,7,16,300,2,0,-23
Payton Pritchard,BOS,27,11,6,5,301.8,131,45,99,45.5,27,67,40.3,14,17,82.4,9,16,25,17,9,6,0,19,196,0,0,72
Donte DiVencenzo,MIN,28,15,9,6,377.3,130,46,126,36.5,28,88,31.8,10,13,76.9,12,34,46,50,28,21,4,45,307,0,0,-62
Franz Wagner,ORL,23,5,1,4,194.6,129,51,115,44.3,7,37,18.9,20,26,76.9,3,21,24,28,10,6,2,16,214,0,0,-46
Cason Wallace,OKC,21,23,16,7,515.7,128,51,119,42.9,20,62,32.3,6,9,66.7,23,38,61,48,16,32,10,51,383,0,0,130
